question,choices,answer,correct_answer,error_type,source,potential_reason
What kind of consequentialist theory does Dershowitz think can justify terrorism in certain extreme particular cases?,"['act-based deontology', 'rule-based hedonism', 'rule utilitarianism', 'act utilitarianism']",3,,ok,,
"Why, according to Gill, does Leon Kass think the notion of being ""better off dead"" is incoherent?","['because dead people no longer exist, and thus cannot benefit from choosing to die.', 'because some things (e.g., long-term torture) are worse than death.', 'because there has yet to be a satisfactory philosophical explanation of why death is bad.', 'because death is, by definition, undesirable.']",0,,ok,,
One common objection to utilitarianism is that the principle of utility is,"['too complicated.', 'too demanding.', 'too easy to satisfy.', 'none of the above']",1,,ok,,
The consequentialist approach to punishment is at odds with,"['retributive theories of punishment.', 'perfectionist theories of punishment.', 'legal theories of punishment.', 'preventive theories of punishment.']",0,,ok,,
Marcia Baron argues that the artificiality of ticking bomb cases is problematic because,"['the artificial assumptions are, in fact, empirical claims that are central to the debate.', 'all artificial thought experiments are philosophically useless.', 'it leads us to believe that torture is always permissible.', 'all of the above']",0,,ok,,
Velleman believes that euthanasia can be justified on the basis of,"['Kantian considerations.', 'consequentialist considerations.', 'existentialist considerations.', 'feminist considerations.']",0,,ok,,
"In Carruther's view, the justification for moral criticism for things that we do (or don't to do) to an animal derives from","[""the animal's direct moral standing."", 'the animals capacity for suffering.', 'the bad qualities of character that our actions evince.', 'none of the above']",2,,ok,,
Ashford's article is meant to address a particular paralysis in the face of,"['the sheer scope of global poverty.', 'having to choose between addressing immediate harm and addressing structural injustice.', 'reconciling conflict moral theories.', ""having to give up so much of our own wealth in light of Singer's arguments.""]",0,,Bad Question Clarity,,Which article?
Which of the following is an example of a virtue?,"['honesty', 'courage', 'kindness', 'all of the above']",3,,ok,,
Shapiro discusses Mediterranean cultures' use of alcohol to show that,"['even cultures with very low levels of alcohol consumption can have comparatively high levels of alcoholism.', 'the consumption of alcoholic beverages (e.g., wine) can have surprising health benefits.', 'increased use of a drug does not always lead to increased addiction.', 'all of the above']",2,,ok,,
"According to Corvino, the ""unnaturalness"" charge can carry moral weight only if those who level it can do two things:","['(i) explain the harms of anal sex and (ii) establish that all homosexuals will inevitably suffer those harms.', '(i) specify exactly what they mean by ""unnaturalness"" and (ii) explain why unnaturalness (so defined) matters morally.', ""(i) establish that one's sexual orientation is a matter of choice and (ii) that people who choose homosexuality have an intrinsic desire for self-harm."", '(i) explain the value of naturalness and (ii) why nothing ""unnatural"" can be of value.']",1,,ok,,
Cases in which a doctor is involved to some degree in assisting an individual to commit suicide are known as,"['mercy killing.', 'physician-assisted suicide.', 'involuntary euthanasia.', 'all of the above']",1,,ok,,
"The idea of ""using someone as a mere means"" is centrally relevant to which of the following moral theories?","['consequentialism', 'Kantianism', 'utilitarianism', 'natural law theory']",1,,ok,,
"According to Carruthers, which of the following groups should not be accorded direct moral standing?","['human infants', 'the senile', 'the mentally disabled', 'none of the above']",3,,ok,,
Fine asks us to consider the example of a yoga group that practices in Central Park and is free to reject prospective members but isn't free to exclude others from making use of Central Park. The point of this example is to show that,"['Central Park qualifies as a state.', 'there is a difference between rules of membership and rules about settlement within a physical territory.', 'territorial rights only belong to individuals.', 'Wellman is committed to an absurd theory of group membership.']",1,,ok,,
"One objection to care ethics is thatit seems to imply that we areresponsible for our attitudes, even though they seem not to be under our voluntary control. Collins responds by arguing that","['caring attitudes are not moral attitudes at all.', 'we can often bring ourselves to have attitudes of care indirectly', 'when we fail to have attitudes of care this means that no caring attitudes were required of us towards some person', 'Collins agrees with the objection.']",1,,ok,,
Which of the following is not an example Aquinas gives of a self-evident proposition?,"['""Every whole is greater than its part.""', '""The light of Thy countenance, O Lord, is signed upon us.""', '""Things equal to one and the same are equal to one another.""', '""Man is a rational being.""']",1,,ok,,
"According to Kant, an imperative that represents an action as a necessary means to something that is willed is what kind of imperative?","['categorical', 'universalizable', 'hypothetical', 'noumenal']",2,,ok,,
"If Thomson's conclusion is correct, then","['the abortion issue cannot be settled just by determining at what stage (if any) the fetus is a person.', 'abortion is always morally permissible.', 'abortion is never morally permissible.', 'the abortion issue can be settled just by determining at what stage (if any) the fetus is a person.']",0,,Bad Question Clarity,,Which conclusion?
"Since Nagel thinks there can be genuine moral dilemmas, he denies the moral principle that","['can implies should.', 'can implies ought.', 'ought implies can.', 'ought implies should.']",2,,ok,,
"In responding to terrorism, says Walzer, it is particularly important that","['we make an effort to convince the terrorists that they are acting wrongly.', 'we avoid harming terrorists to the same extent that we would avoid harming innocent civilians.', 'we attack the lower-ranking terrorists first.', 'we do not repeat the wrongs of terrorism in the process.']",3,,Bad Question Clarity,,Who is Walzer?
Which of the following theories will approach the morality of abortion by considering how much overall intrinsic value is likely to be brought about by abortion?,"['virtue ethics', 'consequentialist theory', 'Kantian ethics', 'natural law theory']",1,,ok,,
Audi proposed that we expand Ross's list of prima facie duties to include,"['veracity.', 'enhancement and preservation of freedom.', 'respectfulness.', 'all of the above']",3,,ok,,
Just war theory's principle of military necessity belongs to,"['jus in bello.', 'jus ad bellum.', 'moral nihilism.', 'all of the above']",0,,ok,,
Which of the following is a method of torture that Dershowitz believes is appropriate in those cases where torture is permissible?,"[""having a sterilized needle shoved under the victim's fingernails"", 'electrocution at nonlethal levels', 'submerging the victim in water so he or she feels as if he or she is drowning', 'none of the above; Dershowitz thinks torture is wrong in all cases.']",0,,ok,,
"Carens accepts that it is possible for the sudden opening of one country's borders to do more harm than good from a liberal egalitarian perspective. However, he argues that","['in practice, feasible policy options will not entail major costs to current citizens.', 'liberal egalitarianism is false, and so this possibility is irrelevant.', 'sometimes you have to do more harm than good in the short term to do more good in the long term.', 'all of the above']",0,,ok,,
"In Baxter's view, the first and foremost step toward a solution of our environmental problems is a clear recognition that our objective is not pure air or water but rather","['some optimal state of pollution.', 'an overall maximally clean environment.', 'some maximal state of pollution.', 'the preservation of all living species.']",0,,ok,,
"One of the premises of the ""lack of imagination"" argument that Kamm discusses is that","['genetic enhancement is always morally permissible.', 'nature ought to be honored over personal choice.', ""most people's conception of the varieties of goods is limited."", 'we ought to always leave the development of valuable traits up to chance.']",2,,ok,,
Baxter argues that we should view our treatment of the environment as a matter of various trade-offs whose aim is,"['to minimize damage incurred by all individual living beings.', 'to minimize the suffering of all sentient creatures.', 'to promote the functional integrity of ecosystems.', 'to promote human welfare.']",3,,ok,,
Velleman believes that the option of euthanasia may harm some patients. What does he think is the most significant way in which this might happen?,"['by burdening a patient with having to justify his or her continued existence', ""by eliminating the patient's capacity for self-determination"", ""by eliminating a patient's opportunities for self-determination"", 'by tempting a patient to undergo a painful procedure']",0,,ok,,
"Which of the following does Corvino take to be a problematic ""hidden assumption"" of harm arguments against homosexuality?","['If a practice is riskier than the alternatives, then that practice is moral, prudent, or otherwise to be pursued.', 'If a practice is risker than the alternatives, then that practice is immoral, imprudent, or otherwise to be avoided.', 'If a practice is safer than the alternatives, then that practice is immoral, imprudent, or otherwise to be avoided.', 'none of the above']",1,,ok,,
"Wellman's response to the ""egalitarian"" objection to the state's right to exclude is that states can fulfill their duties to outsiders without allowing them into their territory. Fine thinks Wellman's response is insufficient because","['egalitarians are committed to utilitarian principles.', 'Wellman himself is an immigrant.', 'excluding people who wish to pursue interests specific to that state is still potentially harmful.', 'the concept of ""exporting justice"" is internally contradictory.']",2,,ok,,
Which of the following is the term used to refer to a stage in prenatal development which in humans begins at roughly the second week of pregnancy and lasts until roughly the eighth week?,"['fertilization', 'fetal stage', 'embryonic stage', 'viability']",2,,ok,,
"In Singer's understanding, the principle of the equality of human beings is","['a description of an alleged actual equality among humans.', 'a description of an alleged actual inequality among humans.', 'a prescription of how we should treat nonhuman animals.', 'a prescription of how we should treat humans.']",3,,ok,,
West argues that feminist rhetoric has,"['obscures the harms of noncoerced, consensual sex by implying that because what is coerced is bad what is noncoerced is good.', 'obscures the harms of rape by equating all sex with nonconsensual sex.', 'by not acknowledging a distinction between what is good and what noncoerced, has led to the acknowledgement of the harms of consensual sex.', 'All of the above']",0,,ok,,
Ecoholism is the view that,"['only whole ecosystems (not any of the individuals that make up those ecosystems) have direct moral standing.', 'ecosystems and some of the individuals that make them up have direct moral standing.', 'ecosystems do not have direct moral standing but some of the individuals that make them up do.', 'none of the above']",1,,ok,,
Which of the following conditions would make a slippery-slope argument fallacious?,"['The envisioned results of the action or practice under consideration turn out not to be bad.', 'The central idea of the argument-that the action or practice under consideration will lead us down a path to disaster-turns out not to be plausible.', 'both A and B are correct; either condition would make the argument fallacious.', 'neither A nor B is correct; neither condition would make the argument fallacious.']",2,,ok,,
"Mill thinks that if something is desirable, but not desirable as an end, then it must be","['desirable as a rule.', 'desirable in theory.', 'desirable as a means.', 'none of the above']",2,,ok,,
Marquis argues that abortion is morally wrong by,"['showing that a fetus is a person with full moral rights, including the right to life.', 'appealing to the fact that a fetus is biologically human and arguing that it is presumptively morally wrong to kill biologically human beings.', 'showing that a fetus is sentient and that it is morally wrong to harm and kill sentient creatures.', 'none of the above']",3,,ok,,
"Carens argues that, for example, liberal egalitarianism has nothing to say about the question of whether a black doctor has a moral obligation to practice in a black community. This is because the only limit that liberal egalitarianism places on individuals' moral obligations, according to Caren, is that they","['must not conflict with the rights and duties that liberal egalitarianism itself prescribes.', 'must be in accord with utilitarian moral considerations.', 'must not conflict with reasonable standards of prudence.', 'none of the above']",0,,ok,,
Papadaki argues that,"['sexual objectification is not always wrong.', 'sexual objectification involves the total reduction of a person to an object.', 'sexual objectification is not explainable in Kantian terms.', ""sexual objectification involves the denial of a person's humanity.""]",3,,ok,,
"In Gardiner's analysis, which of the following is a characteristic of the climate change problem?","['institutional adequacy', 'dispersion of causes and effects', 'fragmentation of agency', 'all of the above']",3,,ok,,
Papadaki argues that the narrow view of sexual objectification,"['is correct.', ""fails to account for cases where there can be unintentional disregard of a person's humanity."", 'fails to account for cases of benign or positive objectification.', 'none of the above.']",1,,ok,,
"Shapiro claims that humans are social or cultural animals, which is significant for his view because it implies that","['social norms or rules play a significant role in influencing behavior.', 'we are just products of our biochemistry.', 'past experience plays a significant role in influencing behavior.', 'none of the above']",0,,ok,,
Little suggests that we should think about the abortion issue in terms of degrees and layers because,"['the fetus gains a more certain claim to the right to life over time.', 'the fetus gains more capacities over time.', 'a gestating mother is somewhere in between a mere biological mother and a mother in a thick, normative sense.', 'the gestating mother has different degrees and layers of preferences.']",2,,ok,,
Singer presents his three-premise argument in addition to appealing to the case of the drowning child because,"['he believes that abstract arguments are more likely to convince one to act.', 'he argues that our emotional reactions have no bearing on which moral claims are true.', ""he believes arguments are a more efficient way to appeal to one's emotions."", ""he wants to appeal to the reader's reason and not just pull at the reader's heartstrings.""]",3,,ok,,
"Carruthers argues that, on contractualist grounds, nonhuman animals may be accorded which of the following kinds of moral standing?","['direct', 'indirect', 'quasi-', 'none of the above']",1,,ok,,
"Van den Haag responds to the ""miscarriages of justice"" objection by claiming that","['miscarriages of justice are offset by the moral benefits and usefulness of doing justice.', 'there have been no miscarriages of justice, in the sense used in the objection.', 'miscarriages of justice are inevitable and so irrelevant.', 'none of the above']",0,,ok,,
Timmons suggests that many people believe in moral relativism because,"['They believe in tolerating differences.', 'They are sensitive to the descriptive fact of widespread moral disagreement.', 'They realize that some ethical claims seem true in some contexts but not in others.', 'All of the above.']",3,,ok,,
Shapiro discusses experiments about the role of expectations in the experience of drug use to show that,"['drug effects are inherently biological and are not influenced at all by expectations and other psychological factors.', 'users who do not expect to get addicted to ""hard"" drugs almost always do.', 'there is no such thing as drug addiction.', ""sometimes a drug's effects are the direct result of what one expects from the drug.""]",3,,ok,,
"In support of her thesis that global social institutions violate the rights of the world's poor, Ashford argues that","[""illicit cash flow to tax havens from rich countries exceeds aid to the world's poor."", ""the implementation of neoliberal economic policies have had at mixed and at worse adverse impacts of the economic and social rights of the world's poor."", 'that wealthy nations press their political and economic advantages to secure unfair trade agreements with poor countries.', 'all of the above']",3,,ok,,
"Norcross claims that if morality demands that we not torture puppies merely to enhance our own eating pleasure, morality also demands that","['we try to reduce our carbon footprint.', 'we donate money to Oxfam.', 'we not support factory farming.', 'we follow the Golden Rule.']",2,,ok,,
"According to Shapiro, the standard view has to explain the preeminence of controlled use by arguing that","['controlled use is preeminent.', 'drug laws have no effect on access to illegal drugs.', 'drug laws reduce access to illegal drugs.', 'drug laws increase access to illegal drugs.']",2,,ok,,
"If the killing/letting die distinction is morally relevant, then that would show that the following distinction is also morally relevant:","['killing/murder', 'physician/patient', 'active/passive euthanasia', 'involuntary/nonvoluntary euthanasia']",2,,ok,,
"According to Altman, a viewpoint-biased speech restriction should be troubling to whom?","['those who value a strong right to privacy', 'those who value strong protections for freedom of speech', ""those who don't value strong protection for freedom of speech"", 'those who value equal educational opportunity']",0,1,Wrong groundtruth,https://www.homeworkforyou.com/static_media/uploadedfiles/1655948059_1661484__393..pdf,
"On Metz's view, what kind of punishment is justified for wrongdoers?","['Harmful punishment that is proportionate to the harm done by the wrongdoing.', 'Unfriendly action that is proportionate to the unfriendly wrongdoing, aimed at correcting the wrongdoing.', 'Degradation proportionate to the degrading impacts of the wrongdoing.', 'All of the above.']",1,,ok,,
West worries that liberal theory in academia has inadvertently led to the under-acknowledgement of the harms of consensual sex because,"['it is implicitly sexist.', 'it promotes individualism and valorizes individual choice.', 'it is too left-wing to support a sound gender-based critique of our sex practices.', 'it promotes communitarian thinking to the detriment of individualism.']",1,,ok,,
Critics of speech codes adopted in the 1980s and early 1990s argued that these codes violated which of the following principles?,"['freedom of speech', 'freedom of the press', 'right to bear arms', 'right to privacy']",1,,ok,,
"In the context of Gardiner's article, ""the fragmentation of agency"" refers to what?","[""an agent's inability to acknowledge his or her contribution to climate change"", 'the fragmentation of the effects of greenhouse gas emissions across generations', 'the vast number of individuals and agents who contribute to climate change', ""the idea that it's not rational for each individual to restrict his or her own pollution""]",2,,ok,,
Foot's Rescue I and Rescue II cases are intended to,"['contrast evil intentions with good intentions.', 'contrast originating a harmful sequence with allowing a harmful sequence to continue.', 'show that evil intentions always involve the origination of harmful sequences.', 'all of the above']",1,,ok,,
"Instead of asking why the act of destroying the environment might be immoral, Hill wants to ask","['why the act of destroying nature might be immoral.', 'why people who destroy the environment might be bad people.', 'how the decision to preserve the environment benefits the environment.', 'whether plants have interests.']",1,,ok,,
Mill thinks that each person desires,"['to do his or her duty.', 'to be virtuous.', 'his or her own happiness.', 'none of the above']",2,,ok,,
"Corvino considers the following argument: Homosexuals are ""born that way""; therefore, homosexual activity is good and natural. Corvino claims that this argument is unsound. Why?","['It ignores the possibility that homosexuality is a lifestyle choice.', 'It assumes that all innate desires are good ones.', 'It is equivalent to recognizing that homosexuality is unusual.', 'None of the above']",1,,ok,,
"According to Aristotle, if something has a function, then its good depends on","['its function.', 'its substance.', 'our beliefs about it.', 'cultural practices.']",0,,ok,,
What does Pence think is an appropriate standard for the safety of SCNT before it should be allowed?,"['There should be no standards for safety.', 'SCNT should not be allowed unless a healthy baby could be guaranteed.', 'SCNT should be allowed when it falls within the range of risks that is accepted by ordinary people in sexual reproduction.', 'none of the above']",2,,ok,,
"According to West, which of the following reasons for a women to engage in sex with her male partner may cause her harm?","['She or her children are economically dependent on her male partner, and so she reasons that she better have sex with him and keep him happy.', ""Her refusal will result in her partner's being in a foul mood which is more burdensome than having undesired sex."", 'Her refusal might result in a violent outburst.', 'All of the above.']",3,,ok,,
Which of the following best characterizes Rachels's argument?,"['Both active and passive euthanasia involve the intentional termination of a human life with dignity; therefore, both are morally wrong.', 'Neither active nor passive euthanasia involves the intentional termination of a human life with dignity; therefore, both are morally permissible.', 'There is no inherent moral difference between killing and letting die; therefore, there is no inherent moral difference between active and passive euthanasia.', 'There is no inherent moral difference between killing and letting die; therefore, both active and passive euthanasia are morally wrong.']",2,,ok,,
"According to Mill, the only evidence it is possible to produce that anything is desirable is that","['God has deemed it desirable.', 'experts on desirability have deemed it desirable.', 'people do actually desire it.', 'rational insight reveals it to be desirable.']",2,,ok,,
"John considers what Mary has done and thinks to himself, Mary did the right thing. This thought is primarily a judgment about","[""Mary's upbringing."", 'an action Mary performed.', ""Mary's moral character."", 'what John thinks he would have done.']",1,,ok,,
"In accordance with the theory of justice proposed by John Rawls, Stephen Macedo argues,""We must consider the justifiability of policies from the standpoint of the _____ well-off among our fellow citizens.""","['most', 'least', 'historically', 'permanently']",1,,ok,,
West argues that feminist legal theory has inadvertently led to the under-acknowledgement of the harms of consensual sex because,"['it posits that all sex is rape.', 'by suggesting that the harm of rape is that it is nonconsensual, it implies that all consensual sex is good.', ""by suggesting that the harm of rape has nothing to do with the victim's gender, it implies that women are not especially harmed by nonconsensual sex."", 'all of the above.']",1,,ok,,
Nagel clarifies that absolutism is the view that we should,"['prevent murder at all costs', 'avoid murder at all costs', 'only sometimes prevent murder', 'only sometimes avoid murder']",1,,ok,,
"In response to the argument that embryos are not persons because they do not exercise higher mental capacities, Lee and George argue that","['embryos actually do exercise higher mental capacities.', ""it doesn't make sense to say that a person exercises higher mental capacities."", 'the argument is sound, but its validity fails due to a common logical fallacy.', 'to have killed a human embryos that developed into you would have been the same thing as killing you.']",3,,ok,,
What does Marquis think is the main reason why it is wrong to kill a fetus?,"['The fetus can feel pain.', 'Abortion will harm the woman.', 'Killing the fetus would deprive it of a valuable future.', 'all of the above']",2,,ok,,
"According to Norcross, any attempt to justify the claim that humans have a higher moral status than other animals by appealing to some version of rationality as the morally relevant difference between humans and animals will","['fail to give an adequate answer to the argument from marginal cases.', 'fail to make the case that such a difference is morally relevant to the status of animals as moral patients as opposed to their status as moral agents.', 'both A and B', 'neither A nor B']",2,,ok,,
"According to Sandel, eugenics and genetic enhancement can be seen to be wrong from a secular perspective because they would produce unwelcome changes in","['humility.', 'responsibility.', 'solidarity.', 'all of the above']",3,,ok,,
"In his definition of terrorism, Valls defines ""violence"" as","['including only bodily harm to persons.', 'including bodily harm to persons and the destruction of property.', 'including only the destruction of property.', 'none of the above']",1,,ok,,
Lukianoff and Haidt argue that the disinvitation of certain speakers,"['is an example of mental filtering.', 'will only serve to promote intellectual homogeneity on college and universities.', ""will encourage students to disregard positive aspects of a person's history."", 'All of the above.']",1,,ok,,
"According to Macedo, we have special obligations to our fellow citizens arising from","['our relationships to noncitizens.', 'consequentialist duties to promote the greatest good for the greatest number.', 'membership in a legitimate self-governing community.', 'nothing; we do not have special obligations to fellow citizens.']",2,,ok,,
"Callahan cites the Oregon Death with Dignity Legal Defense and the Education Center's finding that ""after four full years .. there have been no missteps, abuses or coercive tendencies"" regarding laws permitting euthanasia. In response he argues that","[""they can't know this to be true without an anonymous survey."", 'other studies have found contrary results.', 'even if the finding is true, it is irrelevant to the moral status of euthanasia.', 'the findings are suspect because the study was performed by advocates of euthanasia.']",0,,ok,,
Which of the following is a kind of consequentialist theory that explains right action in terms of the net balance of pleasure (or lack of pain) produced by that action?,"['hedonistic utilitarianism', 'perfectionist consequentialism', 'rule consequentialism', 'By definition, consequentialist theories do not mention pain.']",0,,ok,,
Which of the following objections to adopting speech codes does Altman discuss?,"['Speech codes encourage bigotry.', 'Speech codes treat hate speakers with less than equal consideration.', 'Speech codes result in causal harms.', 'all of the above']",3,,ok,,
"By definition, if a person or thing needs to be taken into account in moral decision-making (i.e., if it counts morally), then that person or thing has","['moral standing.', 'moral permissibility.', 'viability.', 'all of the above']",0,,ok,,
"One problem with treating the ticking bomb case as involving only a single instance of torture, according to Baron, is that","['justifying one instance of torture requires justifying the practice of torture.', 'it is virtually impossible for torture to be limited to just one instance.', 'both A and B', 'neither A nor B']",2,,ok,,
"The second premise in Singer's main argument is: ""If it is in your power to prevent something bad from happening, without sacrificing anything nearly as important, it is wrong not to do so."" Which phrase in this premise is deliberately left vague?","['""something bad""', '""it is wrong""', '""nearly as important""', '""in your power""']",2,,ok,,
"Wellman cites a number of ""unpalatable implications that follow from denying a country's right to freedom of association,"" including","['the inability to explain why it would be wrong to force Canada to join NAFTA.', 'the inability to explain why it would be wrong for the United States to forcefully annex Canada .', 'both A and B', 'neither A nor B']",2,,ok,,
"Hate speech, according to Richardson-Self involves","['only violence', 'violence and oppression in the form of subordination, exploitation, and cultural imperialism.', 'only forms of oppression like subordination, exploitation, and cultural imperialism.', 'none of the above']",1,,ok,,
Carens argues that a policy of exclusion does not always imply that the culture and people being protected are superior because,"['such a policy actually implies that the protected culture is inferior.', ""the exclusion may simply reflect an attachment to what is one's own (rather than a belief in superiority)."", 'superiority and inferiority are inherently subjective concepts.', 'only superior cultures have freedom of movement.']",1,,ok,,
"According to Marquis, abortion is","['absolutely wrong.', 'seriously presumptively wrong.', 'generally permissible.', 'always permissible.']",1,,ok,,
Carruthers approaches questions about the moral standing of nonhuman animals from the perspective of which of the following moral theories?,"['consequentialism', 'Kantianism', 'virtue ethics', 'contractualism']",3,,ok,,
A war that involves actual fighting is known as,"['a hot war.', 'a cold war.', 'a war simpliciter.', 'none of the above']",0,,ok,,
Joseph Carens argues that restrictions on free migration can be justified if,"['such restrictions are decreed by a sovereign leader.', 'the restrictions are necessary to preserve a distinct culture or way of life.', 'both A and B are true', 'none of the above']",1,,ok,,
Aristotle defines virtue as,"[""the ability to control one's anger."", 'a disposition to avoid extremes in feeling and action.', 'intellectual knowledge.', 'the capacity to ascertain what God would desire.']",1,,ok,,
Utilitarian arguments depend heavily on factual claims about,"['what a virtuous person ought to do in a particular situation.', 'what God has commanded or would prefer.', 'what duties one has inherited through implicit social contracts.', 'the overall comparative effects of contemplated courses of action.']",3,,ok,,
"According to Carruthers, our duties to animals are","['direct and basic.', 'indirect and derivative.', 'nonexistent.', 'perfect (rather than imperfect).']",1,,ok,,
"Which of the following is a basic intrinsic good, according to Aquinas's version of natural law theory?","['human life', 'human procreation', 'human sociability', 'all of the above']",3,,ok,,
"According to Singer, the principle of equality requires","['identical treatment.', 'differential treatment.', 'equal consideration.', 'differential consideration.']",1,,ok,,
"On the proposal that we need to establish world food banks to help those who are in need, Hardin would say that","['if the proposal were to be realized, the operation must be conducted consistently.', 'only the richer countries have some moral obligation to make deposits in the world food banks.', 'it would be subject to the tragedy of the commons.', 'we need to go with the idea because we ought not to punish poor people who are caught in an emergency.']",2,,ok,,
Why does Metz think that extant dignity-based arguments based on African values fail?,"['It is unclear that they show that capital punishment is degrading, and so therefore wrong.', 'They prove too much. They seem to entail that any instance of killing in self-defense is wrong.', 'Both A and B', 'None of the above']",2,,ok,,
Christopher Heath Wellman defends the position that,"['anti-egalitarianism is compatible with liberal cosmopolitanism.', 'closing borders to all potential immigrations is an inherently racist social policy.', 'nation-states have an obligation to open their borders to the least well-off potential immigrants.', 'nation-states have a presumptive right to close their borders to all potential immigrants.']",3,,ok,,